journalist,7:20 AM - 30 Jan 2009,JBFlint,,16433,1218,Los Angeles,"34.05439,-118.2439399",Wall Street Journal media reporter. I'll sleep when I'm dead.
journalist,1:03 PM - 12 Aug 2010,thatbilloakley,http://en.wikipedia.org/wiki/Bill_Oakley,26200,929,"Portland, OR","45.52024,-122.6741899","TV Writer & Producer. The Simpsons, Futurama, Mission Hill, Portlandia. Country fan, Maryland native and @Ravens fanatic. Twitter assistance by @oakley_asst"
journalist,4:27 AM - 25 Apr 2013,reparationsni,https://qub.academia.edu/LukeMoffett,2267,2792,"Belfast, Northern Ireland","54.59698,-5.9300899",Lecturer @qubschooloflaw. Views my own. RTs ≠ endorsement. Director @QUBHRC. Tweeting on #victims #ICC #reparations & #IHL
news,8:29 AM - 21 Feb 2012,musicnews_daily,http://dailymusicandnews.com,563,136,,,Your daily dose of music and news curated by @GigiCaponePr. Contributors wanted info@gigicaponepr.com
journalist,12:07 PM - 23 Dec 2010,TheJulieBenson,,6449,2050,"Los Angeles, CA","34.05439,-118.2439399",A new life awaits me in the off-world colonies. / Dog owner. / Writer on (@cwthe100) The 100 and on (@DCcomics) Batgirl and the Birds of Prey.
quake,10:07 AM - 18 Jan 2013,TTremblingEarth,http://blogs.agu.org/tremblingearth,2250,680,"Oxford, UK","51.75201,-1.2578399","Earthquake aficionado personally and professionally. Postdoc with @NERC_COMET in active tectonics @OxUniEarthSci, CA transplant, AGU blogger, & I luuuuvs maps"
news,10:00 AM - 2 Aug 2016,Yoon_News_Today,https://www.youtube.com/channel/UC8pCO-SN0pZL6hJRyy3y7xw,949,936,Scotland,"56.78611,-4.1140499",Bar one newspaper Scotland's MSM comes in only one flavour -Unionist- We can't vote them out but we can call them out for the UKGov propagandists that they are.
journalist,6:15 AM - 7 Feb 2013,war_zone_1,http://warzone10.wordpress.com,399,1252,,,"Media Journalist, Author, Foreign Correspondent covering war zones Views expressed are my own and retweet"
news,12:49 PM - 11 May 2016,Redhatorian,,405,900,"Cork, Ireland","51.89792,-8.4705799",Technology & Science Tech News Tech Influencers Science News Opinion Business & Finance
journalist,5:35 AM - 9 Jul 2010,StevenLBell,,2423,1610,"Cumbria and Manchester, UK.","53.51713,-2.2886099","BBC Radio Cumbria journalist. Producer, Mike Zeller at Breakfast, weekdays 6.30am-9.00am. Newsreader. Ex-commercial radio presenter. Fan of football and cider."
news,9:52 AM - 28 Jun 2012,TeleNewsdaily,,2818,3454,,,Fantasy Telecon News from sources all around the world
journalist,12:43 PM - 16 Oct 2010,aev1609,,1616,1887,,,"Mother, wife, daughter, sister: always European, want the best for my family and my country. No Brexit please. Views my own"
govt,3:14 AM - 21 Dec 2013,officialdohgov,http://www.doh.gov.ph,11466,114,Manila,"14.59062,120.97996",The Official Twitter Page of the Department of Health of the Republic of the Philippines
news,10:36 AM - 22 Jan 2009,newsjunke,,742,1667,"St. Louis, MO","38.62727,-90.1978799","I'm a NEWS junke, MUSIC lover with DANCE moves."
journalist,12:41 AM - 17 Jan 2010,sakshijoshi85,https://en.m.wikipedia.org/wiki/Sakshi_Joshi,5213,331,delhi,"28.65171,77.22193","TV journalist since 12 yrs. Don't need a 'Deshbhakt' certificate from anyone. if you still want to give, go ahead...will use it for dusting."
journalist,4:27 AM - 23 Mar 2009,WJXTvic,http://Instagram.com/vicmicolucci,6675,1254,"Jacksonville, FL","30.33218,-81.6556499",@wjxt4 TV Anchor / Reporter. Emmy & Murrow-winner. DJ. Photographer. @UFJSchool grad. Jesus follower. @wolfsonchildren auxiliary.
news,3:30 PM - 21 Oct 2016,Buzzworksmedia,http://bit.ly/2mQ0Csc,489,1549,Nigeria,"9.60003,7.99997","For effective Social Media Campaigns, Twitter Trends, Social Media Mangement, Digital Marketing, Bridging the gap between your brand and your audience"
news,1:35 AM - 28 Nov 2014,hvinod24,https://www.facebook.com/vinod.subhash.3,2218,2943,"Bengaluru, India","12.97911,77.59129","Social Media Influencer, Product executive at @Oneindia #DigitalMarketing #SocialMedia #Blogger"
journalist,2:00 PM - 6 Mar 2012,markhowell7,,158,101,"Lambeth, London, England, UK","51.5013,-0.1172799","Economy of democratically supervised, needs-satisfaction maximising entrepreneurs http://amazon.com/author/mhowell  http://www.labour.org.uk/index.php/10-pledges …"
journalist,9:25 AM - 5 Dec 2014,BeePranom,,466,344,,,"Views expressed are my own. Retweets do not equal endorsements.#ASEAN #Socialjustice, #state violence ,#women rights #environmental #humanrightsdefender"
news,11:21 PM - 25 Mar 2009,AlecBordelon,,562,378,"Baton Rouge, Louisiana","30.45074,-91.1545499",Director at WBRZ in Baton Rouge. News lover. Beyonce fan.
journalist,2:12 PM - 19 Mar 2012,FordMcCartney,,1028,2980,Portlandia,"45.51575,-122.6789999",Poet/writer artist creator @octopusinky & Tired of carrying everyone else's'water! #ELO #Paris #Chicago #love #cubs #mmj #DuchessofCambridge #pdx #truth
govt,10:13 PM - 15 Dec 2014,john_cronin48,,3212,3285,Toowoomba Qld,"-27.5610099,151.95335",Ex Qld government veterinarian & private vet practitioner. Passionate about accountability in government. We should hold MPs accountable or reap what we sow.
news,3:02 PM - 9 Aug 2016,StateOfNetwork,http://dailymotion.com/StateOfNetwork,38,2,WWW,"52.26583,-1.7845699","The most important news trends report of #Venezuela and Latin America 24 hours, in all social networks. En Espanol: @ElEstadoDeLaRed"
news,3:21 PM - 25 Apr 2009,Allblackmedia,http://allblackmedia.com,14271,4969,"Manhattan, NY","40.79027,-73.9597199","All Black Media is an online based media platform for entertainment, culture, and current issues in our communities. Follow us. http://www.allblackmedia.com"
fire/emt,10:25 PM - 11 Aug 2014,WembleyPol,http://www.police.wa.gov.au,2179,909,"Wembley, Western Australia","-31.9336399,115.8148","Welcome to WembleyPolice. If you need police assistance call 131444, if it's an emergency call 000. Twitter is not monitored 24/7."
news,7:40 AM - 27 Jul 2011,megameetei,http://page.is/megameetei,20484,1393,India,"22.35111,78.66774","Techie, Media Influencer, New Media"
news,10:39 PM - 9 Nov 2014,ETEnergyWorld,http://energy.economictimes.indiatimes.com/,2525,4805,"New Delhi, India","28.61389,77.21595","Latest offering from The Economic Times - Dedicated to the best news and opinion on oil & gas, power, coal and renewables. Newsletter http://bit.ly/2bNOEtI"
journalist,10:27 AM - 16 Aug 2012,MickGreenhough,,4169,4977,Orpington,"51.38058,0.10634","http://Eur.Ing , M.I.Mech.E rtd, commercial diver rtd, Primitive Methodist, Neo-Chartist not retired and eco-engineer tidal flow power, editor http://theeuroprobe.org"
news,3:13 AM - 16 Feb 2014,bburnwithdarwen,http://www.newslocker.com/uk/region/blackburn_with_darwen/,1908,1433,,,Find your latest news about Blackburn with Darwen with just one click. Don’t miss out on anything happening in your profession .check http://www.newslocker.com/uk/region/blackburn_with_darwen/ …
news,4:21 AM - 18 Apr 2017,Westminster_17,,61,38,United Kingdom,"54.70235,-3.2765699","24/7 live news coverage of the UK General Election, 8 June 2017"
news,5:20 PM - 2 Feb 2011,DarNT,,2783,49,Darwin,"-12.4604399,130.84104","Infocasting NT News, Events, Gossip and Generalities. Northern Territory Australia #DarwinNT (I might not share an opinion T/RT, but then I might)"
news,11:21 AM - 21 Jul 2014,PhillyUSA_News,http://www.newslocker.com/en-us/region/philadelphia/,1325,1407,,,Find your latest news about Philadelphia with just one click. Don't miss out on anything happening in your region!
wx,11:15 PM - 26 Apr 2015,ViciousWeather,,580,746,"Texas, USA","31.81603,-99.5120899","Storm chaser, lover of all things nature or science related, metal head, family man."
fire/emt,11:22 AM - 30 Aug 2012,Traviscoesd12,http://www.tcesd12.com,481,95,"Manor, Texas","30.34076,-97.5569399",Travis County Emergency Services District #12
journalist,9:29 AM - 8 May 2010,crookedfootball,http://www.crookedtimber.org,3813,1637,"Bristol, UK","51.45349,-2.5973899","Political philosopher: politics, philosophy, photography, migration rights, Rousseau, global justice ... All tweets reflect my personal views only."
journalist,9:57 AM - 22 Jul 2016,tamaghnaTOI,,69,155,Kolkata,"22.56874,88.34629",Journalist with TOI Kolkata..
journalist,5:34 AM - 19 Sep 2009,bharti11,http://timesofindia.indiatimes.com/toireporter/author-Bharti-Jain-1895.cms,2127,969,"New Delhi, India","28.61389,77.21595","Editor - Internal Security, The Times of India. With a nose for news and eye for detail. This is a personal handle and views are my own"
journalist,8:53 AM - 16 Sep 2011,TalbotCharlotte,http://www.getsurrey.co.uk,2628,2162,,,Chief reporter at Surrey Advertiser Runnymede & Spelthorne and Elmbridge editions charlotte.talbot@trinitymirror.com 07822862587
news,12:30 AM - 6 Jun 2014,PMOIndia_RC,https://www.facebook.com/PMOIndiaReportCard,18146,133,,,Get all the latest updates on work done by @PMOIndia to bring #AccheDin. Unofficial| RTs aren't endorsements Spread Positive news & Build your own ecosystem.
news,5:13 AM - 26 Mar 2015,adekitanboye,http://www.adekitanboye.info,1957,1016,Nigeria,"9.60003,7.99997","Adekitanboye's Blog is all about news, entertainment, sports, gossip, relationship, technology, inspiration and celebrity gist..."
news,10:26 AM - 21 Jan 2012,newslock_uknews,http://news.newslocker.co.uk/uknews/,1841,2094,,,Find your latest news with just one click. Don't miss out on anything happening in the UK .check http://news.newslocker.co.uk/uknews/
news,6:14 AM - 5 Apr 2009,AlexAtroushi,http://www.iscc.se,2824,2160,Stockholm,"59.32511,18.07109",Media & Communications Officer
police/traffic,3:05 AM - 18 Nov 2014,ChronicleTravel,http://chroniclelive.co.uk,3165,67,Newcastle upon Tyne,"54.97709,-1.6141999",Traffic and travel news from across the North East run by the @EveningChron team
journalist,4:33 AM - 9 Feb 2010,shivmalik,,14248,2528,,,"Former Guardian investigative correspondent. Author of The Messenger due Jan 2018. @genrentuk trustee. Co-author, Jilted Generation. Telegram: Shivmalik"
journalist,9:42 AM - 26 May 2009,adambvary,http://buzzfeed.com/adambvary,11374,666,Los Angeles,"34.05439,-118.2439399","I like fonts. A lot. Also: Senior Film Reporter for @BuzzFeedNews. In my spare time, I eat pie and cupcakes. Aspiring scrutineer."
journalist,10:54 PM - 25 Jun 2011,RMorrison9,,917,1494,"Brisbane, Queensland","-27.4689599,153.02349",Balmain Boy. Journalist @9NewsBrisbane @9NewsAus rmorrison@nine.com.au Instagram: rob__morrison
news,2:54 PM - 31 Mar 2009,PDXCarla,,1125,1938,"Portland, Oregon","45.52024,-122.6741899","Emmy award winning news Producer, native Oregonian, fan of Game Of Thrones, Dexter, The Good Wife, Justified, coffee and chocolate"
news,6:54 AM - 16 Feb 2015,ICRC_Africa,https://www.icrc.org,79961,649,Nairobi / Geneva,,Africa-focused account of the programs and activities of the International Committee of the Red Cross (@ICRC). Media queries: +254 733 622 026 /+41 22 730 34 43
journalist,9:53 PM - 21 Sep 2009,alexpoucher,http://alexpoucher.com,79277,217,"Berlin, Germany","52.51703,13.38885","Video Journalist, Photographer, Correspondent. Covering News, Human Rights, Politics & Conflict all around the globe. News Director / Founder @AlexPoucher_com"
journalist,2:57 PM - 18 Oct 2011,HattyCollier,http://www.standard.co.uk/,2630,2289,"London via Leek, Staffordshire",,"Online news reporter at the Evening Standard, ex-@sheffjournalism & @guardian Scott Trust. Runner. DMs open. Tips to hatty.collier@standard.co.uk / 02036150573"
news,8:24 AM - 21 Jan 2014,LaurentF4BWT,http://www.qrz.com/db/F4BWT,708,1141,FRANCE,"46.60335,1.88833","Actif sur Echolink, IRN International Radio Network @IRNONTS3, APRS. Actif sur Twitter pour partager les informations #hamradio #hamr. Amities 73 QRO"
journalist,11:01 PM - 6 Aug 2013,AlexTaylorNews,,11660,519,Paris,"48.85661,2.35149",Journaliste europeen pendant 30 ans - maintenant militant pro UE! Ex European journalist trying his damnedest to stay on the unisolated part of the continent!
journalist,3:23 PM - 18 Jan 2012,10NewsHunt,,16465,6836,San Diego,"32.71742,-117.1627699","ABC @10News Weeknight Anchor. I'm addicted to major news, dark chocolate, strong coffee, and all things San Diego! On Facebook: https://www.facebook.com/KimberlyHunt10News …"
journalist,8:00 AM - 2 Mar 2010,nertiqatja,https://voiceofpeopletoday.com/,858,52,Worldwide,,"Human Rights activist, founder and publisher of @Vop_Today - a media dedicated all to the #People. Follow The Light."
news,2:17 PM - 6 Feb 2015,tweetmybrands,,747,2562,Internet,,Connecting Fans with brands through marketing awareness & all Social Media platforms DM us for details http://www.instagram.com/tweetmybrands
news,7:42 AM - 12 Jan 2017,kenny_kwaso,,33,176,Matlosana,"-26.8318949,26.4960024137931",Entertainment Entertainment Music International Entertainment Football Local News Local News Government News Sport Radio & TV
news,10:35 AM - 20 Oct 2008,SPIN,http://www.spin.com,476339,1176,,,"Music news, interviews, photos, reviews, and more."
journalist,5:52 AM - 29 Mar 2009,atilatstokbroka,http://www.attilathestockbroker.com,3357,284,"Southwick, near Brighton",,"'Most people ignore most poetry because most poetry ignores most people' (Adrian Mitchell) I write poetry for people who don't like poetry. BHAFC, JezWeCan!"
journalist,1:03 PM - 5 Aug 2009,PatrickGower,http://www.bloomberg.com/authors/ARJaSZw_trc/patrick-gower,3675,1266,East Dulwich,"51.45855,-0.0727299",Bloomberg legal reporter covering courts and cartels
disaster/accident,3:49 AM - 9 Jan 2013,cica_claims,https://www.criminal-injuries.co.uk/,399,674,"Harrogate, England","53.99214,-1.5390999",We help people obtain compensation following personal injury sustained as a result of a criminal assault. 01423 593002 http://on.fb.me/WsZaXd
police/traffic,12:09 AM - 25 Jan 2015,HarryO1975,,4261,2973,"Lexington and Louisville, Ky","38.24524,-85.7000099","#TheBlackWatch - Reporting injustice, spreading awareness, addressing racism, police brutality and telling the unpopular truth. #1God #God1st"
news,8:10 AM - 21 Sep 2010,FOXProvidence,http://www.foxprovidence.com,1718,5,"East Providence, RI","41.81371,-71.3700499","Rhode Island's home for FOX network programming, Eyewitness News, and original local shows including Executive Suite, The Money Pros and more!"
police/traffic,2:20 PM - 20 Jun 2013,TrafficChiefNG,http://trafficchiefng.com,53541,19950,"Lagos State, Nigeria","6.490875,3.38577245714286","On your way to Work or back Home? Check Traffic Reports on your route, make the best desicion, save yourself time, money & stress: http://trafficchiefng.com"
news,4:27 AM - 21 Jul 2010,Arizona_travels,,894,377,,,Arizona travel news and info
govt,3:03 PM - 5 Apr 2009,PatrickCorrigan,,4015,1979,Northern Ireland,"54.656875,-6.56342025520468",Happy days in sunny Newcastle. Head of Nations & Regions @AmnestyUK. Integrated school governor. Tweets in a personal capacity.
news,7:52 AM - 16 Feb 2014,Economy_UKnws,http://www.newslocker.com/uk/profession/economy/,598,733,,,Find your latest Economy news with just one click. Don’t miss out on anything happening in your profession .check http://www.newslocker.com/uk/profession/economy/ …
news,8:52 AM - 13 Sep 2012,BristolBizz,,703,89,Bristol,"51.45349,-2.5973899",Helping Bristol Businesses promote there websites via social media services! Visit our site for more information!
journalist,3:44 PM - 10 Sep 2011,AndyPalumbo_,http://www.andypalumbo.com,1927,291,"N E, PA","40.96998,-77.7278799","Reporter/Anchor/Producer/Photographer for WNEP TV 16, the ABC/CNN affiliate serving northeastern and central Pennsylvania."
wx,12:29 PM - 10 Mar 2009,KMOVWeather,http://www.kmov.com/weather/,8436,1246,"St. Louis, Missouri","38.62727,-90.1978799","The latest scoop on the weather directly from the 4Warn Weather Team, also check out @kmov and @kmovprogramming"
fire/emt,3:00 AM - 14 May 2010,DSFireUpdates,http://www.dsfire.gov.uk,19775,911,"Devon & Somerset, England","50.75,-3.7499999","Devon & Somerset Fire & Rescue Service's official Twitter site. Follow us for community safety information/campaigns, incidents, news & recruitment (not 24/7)."
journalist,7:37 AM - 5 Mar 2011,orevaeju,,198,91,abuja nigeria,"9.06433,7.48929","writer,goal getter,world changer and leader..."
journalist,11:56 AM - 18 Oct 2013,DrayClarkABC7,,3980,409,"New York, NY","40.73059,-73.9865799",Dray Clark is reporter working at WABC in New York City. Excellence is always the standard not the goal. Retweets are not endorsements.
journalist,3:28 PM - 31 Dec 2010,rogersarkansas,http://rogersarkansas.blogspot.com/,326,11,NORTHWEST ARKANSAS,"33.22524,-92.6492699","Northwest Arkansas: famous for chickens, hogs, billionaire art, trucks, and being headquarters for world's largest Chinese flea market. I write what U see."
news,12:18 PM - 25 Jan 2016,news4travellers,,336,319,"London, England","51.50732,-0.1276399",24 hr news & advice from around the world for holidaymakers and adventure travellers.
news,6:32 AM - 29 Oct 2014,azureweekly,http://azureweekly.info,4919,4886,,,Your free weekly @azure news fix. Subscribe at http://azureweekly.info  Published every Sunday. Powered by @endjin
news,8:38 AM - 9 Aug 2009,Be_First_Media,http://befirstmediagroup.com,36710,35543,Universe,"55.858805,-4.00208215790514",Be First Media Group publishes targeted features of interest from our focused editorial categories.
police/traffic,12:47 AM - 24 Jun 2013,WCCBTrafficNow,http://WCCBCharlotte.com,1233,215,"Charlotte, NC","35.22708,-80.8431199","Charlotte area traffic reports from WCCB Charlotte, Charlotte's CW."
wx,9:34 PM - 31 May 2013,CBS6Alyssa,https://www.facebook.com/meteorologistalyssacaropreseKDRV,1674,613,"Albany, NY","42.65116,-73.7549599","Certified Broadcast Meteorologist @CBS6Albany, WRGB. Jersey native, Rutgers grad & weather weenie"
wx,11:16 PM - 16 Jun 2011,SimpleWeatherNM,http://www.simpleweatheralert.com,186,93,New Mexico,"34.57081,-105.9929999",Provide a valuable service. Get more page views. Attract Twitter followers. Add weather alerts to your social media. See our home page for our risk-free offer.
news,8:15 AM - 4 Nov 2014,samachar_plus,http://www.samacharplus.com/,52036,62,"Noida, India","28.57264,77.35476",Official A/c of Samachar Plus. 'खबर वही जो हमने कही'। #उत्तरप्रदेश #उत्तराखंड का सबसे भरोसेमंद न्यूज चैनल #Uttarpradesh #Uttarakhand's No.1 News Channel
journalist,4:36 AM - 17 Apr 2009,wallaceme,http://conservativehome.com,24783,2286,London,"51.50732,-0.1276399","Executive Editor of ConservativeHome @ConHome. Political campaigner, blogger, writer. Free people, low taxes, small states, free markets. #VotedLeave"
journalist,2:03 PM - 6 May 2011,mustafa__bag,http://www.euronews.com,11833,277,France,"46.60335,1.88833",Journalist @euronews
news,6:49 PM - 8 Apr 2007,momblogger,http://aboutmyrecovery.com,22987,2503,"Makati City, Philippines","14.55688,121.02353","Mom blogger, making a difference in the lives of her children by advocating social change for good | #ASEAN2017/advocate/ Social Media Practitioner"
news,12:38 AM - 9 Sep 2009,BBCLancashire,http://bbc.co.uk/radiolancashire,112756,1196,"Lancashire, UK","53.861165,-2.54710734444445","On 95.5, 103.9, 104.5FM, DAB & Freeview channel 720. Sport: @BBCLancsSport. Live updates: http://bbc.co.uk/lancashire"
news,4:33 PM - 15 Mar 2011,cchukudebelu,,38320,2029,Lagos,"6.45505,3.39417","Christian, Igbo, Nigerian, African. A complex personality, not a stereotype - Western Media take note. An admirer of M.I. Okpara - an unsung Nigerian hero."
news,4:20 AM - 1 Jun 2011,KnysnaPlett,http://www.knysnaplettherald.com,2993,8,Knysna,"-34.0357299,23.04848","Knysna-Plett Herald-weekly bilingual community newspaper. Distributed every Thursday in Knysna, Plett & Sedgefield area. Printing 4 300 copies weekly."
journalist,9:55 AM - 17 Oct 2008,ChristopherJM,,76119,2683,"Kyiv/Kiev, Ukraine","50.4501,30.52405",Ukraine-based journalist covering Eastern Europe. Bylines @RFERL @TheTimes @Telegraph @CNNI. Formerly @mashable sr. correspondent. millerjchristopher@gmail.com
journalist,12:01 AM - 21 Aug 2009,manutoms,http://vccircle.com,1076,872,"Bengaluru, India","12.97911,77.59129","Journalist News Corp @vccircle, Views personal"
news,4:57 AM - 26 Feb 2010,islingtongztte,http://islingtongazette.co.uk,14837,464,Islington,"51.53842,-0.0998999","Islington's best, biggest and oldest newspaper, established 1856. Call 020 7433 0100 or e-mail james.morris@archant.co.uk / sam.gelder@archant.co.uk"
fire/emt,8:13 AM - 22 Mar 2013,BadenocNairnPol,http://www.scotland.police.uk,1384,172,"Badenoch, Strathspey & Nairn",,"Twitter is not for reporting crime.  In an emergency, call 999.  To report a non urgent incident, call 101. This site is not monitored 24/7."
news,4:41 PM - 27 Jun 2014,OneAngryGamerHD,http://OneAngryGamer.net,3021,616,,,One Angry Gamer brings you all the latest gaming news without remorse.
news,11:43 AM - 8 Feb 2016,Bal_Voices,https://www.balochistanvoices.com,2866,8,"Balochistan, Pakistan","28,66",Balochistan Voices is Balochistan's premier online newspaper
news,7:33 AM - 8 Feb 2017,swengenusa,http://usa.swengen.com/,313,861,"Washington, USA","38.89495,-77.0366399",We are a Small Group yet We Have High Expectation and Hope to Deliver News of All Around the World to your Digital Medium.
news,3:59 AM - 29 Mar 2016,theafricafeeds,http://www.africafeeds.com,177,524,Africa,"2,15.99999",The News Portal For Africa | Telling the African story | Email: info@africafeeds.com
news,5:17 AM - 12 Mar 2009,BBCRadio4,http://www.bbc.co.uk/programmes/articles/1Pcx4hW0yCzlcdq6sCt9Rvm/live-blog-the-lord-of-misrule-takes,401205,8366,London,"51.50732,-0.1276399","The official account for BBC Radio 4 from the @BBC. We like philosophy, drama, comedy, arts, science and knitting. http://bbc.co.uk/radio4"
news,1:59 PM - 17 Sep 2012,E_xcelsior,,462,298,Giyani | Johannesburg | Vaal,,"Jesus Christ reflector, MuTsonga, aspirant CA, Poet. God: the beginning and end of all. Radio: my secret crush #Khosi #ManU #Barca Live to know. Know to live!"
fire/emt,4:17 AM - 21 Jun 2010,FIRE_Editor,http://www.fire-magazine.com,10878,8625,"Hove, West Sussex",,"The leading magazine for latest news, fire safety, protection, technology and products and hosts of the Excellence in Fire & Emergency Awards"
news,2:32 PM - 23 Jun 2009,sheffieldlatest,,2604,0,"Sheffield, UK","53.38066,-1.4702199",All the latest Sheffield news
wx,5:01 PM - 5 Jan 2010,omnologos,http://about.me/mauriziomorabito,2150,2902,"London, UK","51.50732,-0.1276399","Expert finder. FOI defender. Freedom writer. Space/weather/climate/history/politics buff, journalist, skeptic, IT consultant, omnologist."
news,5:49 AM - 5 Mar 2009,WigToday,http://www.wigantoday.net,18218,657,WN5 0LX,"53.55426,-2.6681599",Wigantoday is the website of the Wigan Post and Wigan Observer. All the latest Wigan news and Latics and Warriors news every day ...
journalist,12:26 PM - 20 Jun 2008,Marina72,http://tarahanks.com,449,1229,Brighton,"50.82203,-0.1373999",Author of 'The Mmm Girl' and 'Wicked Baby'
news,8:14 AM - 13 Aug 2010,namibiansun,http://www.namibiansun.com,27238,508,Namibia,"-23.2335399,17.32311",Daily English Newspaper
journalist,12:37 PM - 27 Sep 2013,AylinaKilic,http://aylinakilic.wordpress.com,18030,995,"London, UK","51.50732,-0.1276399",Reporter focused on Kurdish issues | Northern Syria | Turkey | Also following: #SDF | #RaqqaCampaign | Tweets in English/Turkish.
journalist,2:36 PM - 29 Mar 2010,thomasrcock,http://www.westerngazette.co.uk,334,440,"Somerset, UK","51.08333,-2.9999999",News editor of @TheWesternGaz - views are personal
news,1:30 AM - 11 Apr 2014,HeartNENews,http://www.heart.co.uk/tynewear/news/,9037,6261,North East,"21.90869,105.472664907614","Heart North East News Team (@AnnaMayRussell, @martinlindsay_ & @Samthomson_) Email northeast.news@global.com or call the newsroom on 0191 444 2550"
disaster/accident,2:17 PM - 5 Jan 2011,Roots_Action,http://www.rootsaction.org/,10429,3298,,,"Millions of Americans who support economic fairness, equal rights, civil liberties, environmental protection, and defunding endless wars. http://bit.ly/joinra"
journalist,2:15 PM - 19 Aug 2012,AlexOsiadacz,http://www.firstcoastnews.com,961,1975,"Jacksonville, FL","30.33218,-81.6556499","Reporter @FCN2Go, traveler, foodie, okay golfer, @Cubs fan, proud @GeorgiaStateU alum. Views are mine. RTs ≠ endorsements"
fire/emt,4:12 AM - 22 May 2016,lasemasocial,https://www.facebook.com/lasemasocial/,6565,2305,"Lagos, Nigeria","6.45505,3.39417",The official Twitter account of LASEMA - the Lagos State Emergency Management Agency's response unit- Call Centre and First Responders
disaster/accident,12:42 PM - 7 Jan 2012,Rotorblur,,1603,81,"Galway City, Ireland   🇮🇪","53.284145,-9.03783004705882",Informing YOU of the lifesaving work our Irish Coast Guard & Irish Air Corps Military Helicopters perform in & around Galway City in The Republic of Ireland.
disaster/accident,3:57 AM - 11 Nov 2015,SWWresearch,http://www.swwresearch.com/,663,435,Global,,Official account of The Second World War Research Group. Directors: @jonathanfennell and @ww2hist. Assistant Directors: @rjhammond215 and @AirPowerHistory.
news,9:08 PM - 16 Jun 2009,9NewsPerth,http://9News.com.au/Western-Australia,70427,759,"Perth, Western Australia","-31.9527099,115.86047",Perth's Nine News on @Channel9 at 6.00pm. Community Guidelines: http://9jump.in/8oT7O4S
news,11:01 PM - 25 Feb 2016,SonyBBCEarth,,30662,9,"Mumbai, India","18.95238,72.83271","India's premium factual entertainment channel, Sony BBC Earth is home to positive insightful stories and mind-blowing visuals that will make you #FeelAlive!"
journalist,1:59 PM - 3 Sep 2009,chrisWBZ,http://cbsboston.com,3562,995,"Boston, MA","42.36048,-71.0595599",Weekday Morning/Noon anchor at #WBZ! #WBZThisMorning @cbsboston. Glad to be back home reporting in Boston! Proud @USC Trojan. Fight On RTs not endorsements.
news,9:24 AM - 10 Mar 2009,davechannel,http://dave.uktv.co.uk/,90007,763,,,This twitter feed was so successful back in 1997 that we created a TV channel off the back of it.
police/traffic,3:14 PM - 9 Apr 2009,AmberTraffic,,10849,2236,"Toronto, Ontario CANADA","43.65292,-79.3848999","Stuck in traffic with you! Traffic Specialist @1045CHUMFM and @CP24! Once an actor, always an actor! Funnier & klutzier than I appear on TV! Speak for myself."
journalist,5:04 AM - 18 Aug 2009,Fi_Rutherford,,3272,1019,London,"51.50732,-0.1276399","Reporter @BuzzFeedNews. Has written for @FT, & science-y stuff for @newstatesman"
govt,8:54 AM - 16 Aug 2016,GCICUganda,http://gcic.gou.go.ug,1675,151,"Kampala, Uganda","0.31771,32.58135","GCIC was initiated & is supported by Ministry of ICT & National Guidance to drive open Government activities. Call 900 toll free, directly talk with Government."
news,6:52 AM - 10 Jan 2012,vibesNgistsHQ,http://www.vibesngistsblog.com,8609,5889,"UT: 5.488989755555555,7.041559",,"Top Nigeria's Leading News, Entertainment, sports and Educating Blog"
news,2:13 PM - 22 Apr 2009,WUWMradio,http://www.wuwm.com/,12473,4486,"Milwaukee, WI","43.03499,-87.9224899",Station news and events from WUWM 89.7-Milwaukee Public Radio. Follow @WUWMLakeEffect too!
journalist,12:43 AM - 24 Jan 2011,anusharavi10,http://www.oneindia.com/authors/anusha-ravi.html,1863,314,,,"Correspondent with @Oneindia. Former Senior Reporter with @TimesNow. Otherwise, Dancer, Feminist. http://ravianusha.blogspot.in/"
news,3:41 AM - 25 Mar 2009,nintendolife,http://www.nintendolife.com,111691,1838,UK & USA,"54.70235,-3.2765699","Nintendo Switch, 3DS, Wii U & Retro. The most visited Nintendo site in the world, beaming the very latest news, reviews and features right into your eyeballs."
news,9:15 AM - 23 Apr 2008,WelshLabour,http://www.welshlabour.org.uk,11634,329,Wales,"52.29281,-3.7389299","The official twitter feed of Welsh Labour, keeping you up-to-date with news, speeches, events & videos #StandingUpForWales"
police/traffic,12:45 PM - 12 Dec 2011,EssexPoliceFed,http://www.essex.polfed.org,3957,2208,"Chelmsford, Essex","51.73454,0.47238","Essex Police Federation, representing all Constables, Sergeants, Inspectors and Chief Inspectors in Essex."
fire/emt,5:53 AM - 24 Aug 2012,PSNITraffic,http://www.psni.police.uk,31441,34,Northern Ireland,"54.656875,-6.56342025520468","News & Updates from Road Policing. We do not monitor Twitter 24/7. If you have something to report, call 101 or 999 in an emergency. #PSNI #TravelNI"
journalist,5:51 AM - 26 Jan 2017,ArielleABC3340,http://abc3340.com/station/people,149,66,"Birmingham, AL","33.52068,-86.8024299",@ABC3340 #BreakingNews Anchor. Early riser for Good Morning Alabama. Bham native and @UnivMiami alum/fan.
disaster/accident,4:59 AM - 17 Mar 2014,ONSJohnFlatley,http://www.ons.gov.uk/ons/taxonomy/index.html?nscl=Crime+and+Justice,666,90,"Titchfield, Hampshire","50.84902,-1.2354199",I work on crime stats at the Office for National Statistics (@ONS). I will not be tweeting until 9 June due to civil service election guidelines.
news,4:14 AM - 13 Apr 2009,TOICitiesNews,http://timesofindia.indiatimes.com/city,8680,65,,,Unmatched coverage from over 60 cities across India brought to you by http://timesofindia.com
news,11:42 AM - 17 Sep 2012,theScoreNCAAF,http://thescore.com/ncaaf/news,1644,460,,,"Official Twitter account for theScore NCAAF. Providing news, updates and insight from college football. Download here: http://thesco.re/theScoreApp ."
journalist,3:12 AM - 1 Aug 2016,malloy_tomas,http://somersetlive.co.uk,22,11,,,Reporter at Somerset Live and the Chaddar Valley Gazette
news,10:27 PM - 16 Jun 2011,MelbLiveNews,,6189,250,Melbourne,"-37.8142099,144.96316","Live news feed from Melbourne, Victoria's largest news sources: The Age, Herald Sun and 3AW."
fire/emt,7:35 AM - 24 Mar 2011,kentpoliceshep,http://www.kent.police.uk,1967,38,"Shepway, Kent, UK","51.057745,1.0060692",News and advice. Don't report crime here - call 999 (emergencies) or 101 (non-emergencies). Not monitored 24/7.
wx,7:01 AM - 14 Oct 2009,JEPnews,http://www.jerseyeveningpost.com,9837,644,Jersey Channel Islands,"40.6051,-73.6278999","Jersey news, business, sport, weather & photos from the Jersey Evening Post newspaper. You can also follow @JEPsport and @JEPfeatures. Instagram: jepnews"
journalist,7:26 PM - 17 Nov 2009,dearsagars,http://www.newsabhiyan.com.np,1732,3657,Worldwide,,"Worked as journalist in abroad for 10 years. Chairman NVMG & GS in NOJA sky pe: dearsagars, email: dear_sagars@yahoo.com Hello: 9841851925 viber No: 9808644572"
journalist,2:35 AM - 18 Feb 2009,newsthump,http://www.newsthump.com,38184,3921,London,"51.50732,-0.1276399","Topical satire from the UK and around the world. You're not supposed to believe what we write, you idiot."
police/traffic,6:46 PM - 14 Mar 2009,binny_uk,,1549,726,"Hackney E5, London","51.54324,-0.0493599","Transport worker, aquarist, Liberal Democrat candidate for Wolverhampton South East."
journalist,6:32 AM - 12 Nov 2009,skymarkwhite,http://www.skynews.com,18973,1629,London,"51.50732,-0.1276399",Mark White is Home Affairs Correspondent for Sky News UK --Follow me on #Periscope
news,11:04 PM - 29 Apr 2017,Garsoorn,http://Garsoor.net,75,235,"London, England","51.50732,-0.1276399","Garsoor is the most trusted online media in Somalia, we will give you latest breaking news from Somalia. email us: garsoorn@gmail.com"
journalist,8:51 AM - 18 Oct 2010,modeworld,http://wingsnewspaper.com,1011,2754,"UT: 4.86635,7.00037",,"An Ideas man,A poet, an Author, Management consultant and publisher of Wings Newspaper. With keen interest in identifying business opportunities!"
fire/emt,7:23 AM - 9 Apr 2009,incident_alert,http://www.incidentalert.com.au,6975,92,"Victoria, Australia","-36.5985999,144.678","Email and SMS alerts for bushfires in Victoria & South Australia. This Twitter a/c only displays larger incidents, our other localised accounts show all events."
journalist,12:31 PM - 21 May 2009,AaronKleinShow,http://www.breitbart.com/author/aaron-klein/,141923,288,Israel,"30.87602,35.00151","Radio host, Breitbart Jerusalem bureau chief/senior investigative reporter, bestselling author. aklein@breitbart.com for news tips, media questions."
wx,7:23 AM - 18 Jun 2009,ToddWCSH,http://wcsh6.com,13408,1497,"Portland, ME","43.66102,-70.2548499",Chief Meteorologist at WCSH & WLBZ. Husband to a lovely wife. Proud Father to boy/girl twin seven year olds. http://Instagram.com/tgutner
journalist,8:46 AM - 20 Feb 2013,PurityPhils,https://aledeh.com,811,572,Some where i̶̲̥̅̊n̶̲̥̅̊ Africa,"2,15.99999",Journalist with @AledehLive ||Writer||Digital Media Strategist || #ProudProduct of The Nigerian Institute of Journalism (@NIJLagos)
news,4:34 PM - 13 Mar 2017,bklynlocalnews,http://brooklynlocalnews.com,643,1712,"Brooklyn, NY","40.6501,-73.9495799",#Technology #Entrepreneurship #Politics #Concerts #Events #Music #Business #News #Movie #Photography #Local #BrooklynLocalNews
journalist,8:20 AM - 1 Apr 2010,DailyMuseBooks,http://500WordsClub.com,5785,1963,"Agate, Colorado","39.4618,-103.9420099","Be Inspired! The latest book and author news, unique writing tips & prompts"
govt,8:36 AM - 15 Mar 2011,mayorflanagan,http://www.willflanagan.com,3966,815,Worldwide,,"46th Mayor of #FallRiver, Attorney, Businessman, a Zealous Advocate and a Passionate Leader who gets Results!"
police/traffic,2:48 PM - 15 Feb 2015,StlIncident,https://www.facebook.com/STLTrafficAdvisory,297,139,St. Louis,"38.62727,-90.1978799",Traffic Advisory/Incidents in St. Louis area. Account not monitored 24/7. Monitored by volunteers. Admins @jesmann @jpotrawski @cyclonecowboys
news,7:07 AM - 12 Feb 2010,KeighleyNews,http://www.keighleynews.co.uk,3726,21,Keighley,"53.8684,-1.9020399","The Keighley News, established in 1862, is the area's market leading weekly title, serving Keighley district and surounding communities"
journalist,3:41 PM - 25 Dec 2013,phillippabutt,,232,306,"Darwin, Northern Territory","-12.4604399,130.84104",Reporter at the NT News. Fairly new up here. Still trying not to get eaten by a croc. Just letting the mozzies and midgies eat me instead. All views are my own.
journalist,10:44 AM - 16 Apr 2009,WFLAmeredyth,http://www.facebook.com/wflameredyth,13212,11337,"Tampa, FL","27.94775,-82.4584399",I my 4 fur babies & . traveler. Crafter. AM Reporter & mobile journalist for Tampa's @WFLA. EMMY winner. TedX presenter.
news,3:20 AM - 2 Mar 2009,ShropshireStar,http://www.shropshirestar.com,72795,3142,"Shropshire, UK","52.6523,-2.64360044347826",Breaking news and sport from the Shropshire Star | Email us at newsroom@shropshirestar.co.uk.
news,8:24 AM - 13 May 2009,MirrorTech,http://www.mirror.co.uk/news/technology/,11465,405,"London, UK","51.50732,-0.1276399","The latest tech, gaming and science news and reviews from @DailyMirror"
news,5:00 AM - 14 Sep 2015,PlanetRojava,http://planet.dyne.org/rojava,479,4,Streamtime.org,,Daily updates from reliable sources covering news about Rojava.
news,7:32 AM - 31 Jan 2011,SCFC_SwanseaFC,,5718,3694,Swansea,"51.62114,-3.9467699",Unofficial Swansea City fan page. Keep up with all the latest Swans news!
police/traffic,8:07 AM - 19 Nov 2013,WHAS11Hasch,http://www.brookehasch.com,2696,1813,"Louisville, KY","38.25423,-85.7593999",GMK's morning anchor & traffic reporter and Momma to twins. I love to hear your stories. Send them my way!
news,7:21 AM - 30 Oct 2012,NigeriaDaiily,http://eepurl.com/F0EwH,85007,85855,Nigeria,"9.60003,7.99997","Breaking News live from Nigeria's Vanguard, ThisDay, Punch and Nation newspapers. Get a free gift, an investment guide for Nigerians, click the link below!"
disaster/accident,2:00 AM - 14 Sep 2011,ElecSafetyFirst,http://www.electricalsafetyfirst.org.uk,13851,1912,,,"We're Electrical Safety First (formerly Electrical Safety Council), a UK charity aiming to reduce the number of deaths & injuries caused by electrical accidents"
wx,7:32 PM - 27 Apr 2014,tornadokid3,http://weather.com,123,582,"Georgia, USA","32.32938,-83.1137299",Weather Content Producer at IBM
journalist,12:12 PM - 9 Feb 2009,sholtomac,http://digitalfirst.com,2765,1178,,,Journalist/analyst on online accounting apps. Author of Beginners Guide http://bit.ly/1F4J4KM  Publisher @digital_1st Topics: #cloud #tech #foreignpolicy #space
journalist,1:09 AM - 29 Apr 2009,bainesy1969,http://informationrightsandwrongs.com,2512,998,,,Information rights. Chair of @nadponews. Honorary fellow of @irmsociety. Volunteer with @RiverThameCT. Views mine only.
news,11:41 AM - 21 Jul 2015,OTcommunitynews,http://ottawacommunitynews.com,985,455,"Ottawa, Ontario","45.42103,-75.6900199","includes the Ottawa East, West & South News, Orleans News, Stittsville News, the Kanata Kourier-Standard, Nepean-Barrhaven News and the West Carleton News."
wx,9:45 PM - 13 Nov 2010,GregDeeWeather,http://www.facebook.com/meteorologistgregdee,9975,2751,"Tampa, FL","27.94775,-82.4584399","Meteorologist at WFTS in Tampa, FL. M.S. Geography, B.S. Meteorology, CBM seal. FSU alum. Instagram: @GregDeeWeather Email: greg.dee[at]http://wfts.com"
police/traffic,9:45 AM - 22 May 2012,First4Traffic,,9798,2273,,,Traffic Information from NBC Washington and First4 Traffic Reporter Melissa Mollet
journalist,8:53 AM - 16 Mar 2009,kevin_powell,http://www.kevinpowell.net/about.php,75346,46942,New York City,"40.73059,-73.9865799","Public speaker, activist, author of 12 books, including The Education of Kevin Powell: A Boy's Journey into Manhood"
journalist,9:40 AM - 3 Feb 2010,thinkmariya,http://www.TOPBOTS.com,14028,3619,,,"Head of Research & #Design at @TOPBOTS, strategy & advisory firm in applied #ML #AI #bots #chatbots. Writer at @Forbes, maker of lovable #UX & crappy #robots"
news,3:19 AM - 11 Aug 2014,TVXQExpress,http://tvxqexpress.com,2946,109,,,"This is an international TVXQ! (東方神起) fansite, dedicated to TVXQ! and its two members: U-Know Yunho and MAX Changmin! Here to share their latest news & updates~"
news,3:12 AM - 18 Apr 2016,MrG_Picks,,553,141,"Miami, FL","25.77426,-80.1936499",Social Media and SEO expert
police/traffic,4:12 PM - 28 Feb 2012,PoliceClips,http://www.mnpoliceclips.com,12844,425,Minnesota,"45.98965,-94.6113199",Are there Cops with guns outside your door? Are Police helicopters flying over? Follow us and you'll know why.
news,2:50 PM - 19 Feb 2009,Ipkat,http://www.ipkat.com,15404,146,London,"51.50732,-0.1276399","IP news and fun for everyone! Best friends with Merpel, who helps him comment on latest intellectual property developments"
journalist,10:18 AM - 9 Jul 2012,CarlSchreck,http://carlschreck.com,1623,1913,"Prague, Czech Republic","50.08746,14.42125","Radio Free Europe/Radio Liberty correspondent. Russia, hoops, chess. Pickin' up the pieces wherever they fall. SchreckC@rferl.org"
journalist,4:28 AM - 15 Apr 2013,EvaOdland,http://youtube.com/evasporque,545,437,"Milwaukee, WI","43.03499,-87.9224899",she/her trans femme elder queer trash sailor skier electronic musician Oracle & SQL DBA sort of author artist random nightmare
news,5:29 AM - 19 Jan 2017,WeeklyXpose,http://www.weeklyxpose.co.za,1246,203,,,WeeklyXpose is an online newspaper with a mission to bring you stories that mainstream media would hesitate to publish. Every week we will bring you an Xpose.
journalist,3:48 PM - 2 Feb 2011,JessicaGuayWCHS,https://jessicaguay.wordpress.com,989,487,"Charleston, WV","38.35059,-81.6332799",@WCHS8FOX11 Anchor/Reporter. WVU grad. Delawarean. News tip? jlguay@sbgtv.com.
police/traffic,1:41 PM - 11 Nov 2011,WBZTraffic,http://cbsboston.com,396,217,"Boston, MA","42.36048,-71.0595599",Traffic On The Threes on @wbznewsradio See a crash or backup? Call us safely on the WBZ Phone Force at 617-254-4400 or tweet us from home. We're here 24/7.
journalist,2:06 AM - 6 Dec 2013,g_piechota,,934,749,"Boston, MA","42.36048,-71.0595599","Research Associate, Harvard Business School, Boston. Frmr news editor, Gazeta Wyborcza, Warsaw. Board member, International News Media Association."
news,7:34 AM - 10 Jan 2007,BBCEngland,http://www.bbc.co.uk/news/england,103434,194,,,"The official account for latest BBC News, features and updates from the BBC's 39 local teams across England."
news,2:22 PM - 25 Aug 2015,NGRSenate,http://www.nass.gov.ng,222420,61,"Three Arms Zone, Abuja.",,Official Twitter Account of the Senate of the Federal Republic of Nigeria. Managed by the New Media Department of the Office of the President of the Senate.
news,3:15 AM - 11 Jan 2012,GainsStandard,http://www.gainsboroughstandard.co.uk,2036,376,,,"The Gainsborough Standard - newspaper out every Thursday, online every day. Got a story? Email newsroom@gainsboroughstandard.co.uk"
journalist,12:54 PM - 25 Nov 2008,RandyTravisFox5,http://www.fox5atlanta.com/about-us/fox-5-people/9331620-story,4801,311,"Atlanta, GA","33.74909,-84.3901799","Investigative reporter FOX 5 Atlanta. Marathon runner, former sports writer, proud father, happy husband. Send story tips to randy.travis@foxtv.com"
news,6:03 PM - 10 Dec 2008,RaajjeNews,,6947,81,Maldives,"4.22184,73.48679","Maldives News - political news, reviews and analysis."
disaster/accident,12:26 AM - 2 Mar 2009,DanielBrownLaw,http://www.danielbrownlaw.ca,2717,430,"Toronto, Ontario, Canada","43.65292,-79.3848999",Toronto Criminal Defence Lawyer - saving the world one case at a time.
news,2:09 AM - 17 May 2012,MauvooUkambani,,969,894,Machakos,"-1.2789999,37.3952655314626",The kamba online news.
journalist,6:32 AM - 6 Mar 2014,jenstaletovich,http://www.miamiherald.com,1892,470,Miami,"25.77426,-80.1936499",Miami Herald environmental reporter. Florida native.
news,3:28 AM - 9 Sep 2009,3NewsIreland,http://www.tv3.ie/news,34018,264,"Dublin, Ireland","53.34976,-6.2602699",3News is Ireland's National Independent Television News Service. TV3 12.30pm & 5.30pm. Be3 7pm & 10pm.
disaster/accident,5:08 AM - 3 Feb 2012,CullenInt,http://www.cullen-international.com,826,571,Brussels,"50.84655,4.35169","Independent regulatory intelligence provider specialised in #telecoms, #media, #digitaleconomy, #postal #regulation & #competitionlaw. Regulation made simple."
news,4:28 PM - 20 Jan 2009,amkfoote,http://www.cbc.ca/news/canada/ottawa/andrew-foote-1.2641341,4063,886,Ottawa/The Annapolis Valley,,"@CBCOttawa web, radio, sometimes TV. Ginger, rural, 2011 Carleton j-school grad. andrew.foote@cbc.ca or send me a DM - they're open."
news,1:54 AM - 11 Apr 2012,lincolnnedaily,http://tbnn.it/lincoln,1404,264,"Lincoln,NE","40.80005,-96.6673999","Curating the best media feeds in Lincoln. Part of the 400-city The Breaking News Network, the largest community news network supporting the social good."
journalist,6:24 AM - 4 Apr 2011,MaxRTucker,http://www.maxtucker.blogspot.com,12668,3494,"London, England","51.50732,-0.1276399","Comms @OpenSociety. Former Ukraine correspondent @TheTimes, research @Amnesty. Also @Newsweek @PoliticoEurope @Guardian @Telegraph @BBC @NBC. Views here mine."
journalist,10:29 AM - 1 Sep 2010,GinaKCTV5,http://www.kctv5.com,5642,829,"Kansas City, MO","39.08446,-94.5630199",KCTV5 News Anchor & Host Gina Bullard
news,11:15 AM - 24 Jul 2014,SkyFOXSTL,http://fox2now.com/traffic/bommarito-skyfox-helicopter/,1478,73,"St. Louis, MO","38.62727,-90.1978799",I fly over St. Louis delivering images of the latest breaking news for FOX 2.
news,7:54 AM - 16 Apr 2012,RDierkesWTRF,http://facebook.com/rachaeldierkes,2364,994,,,I'm on 7News This Morning cracking corny jokes and being a local girl doing local news (RT not endorsements. opinions are my own) WVU & Steelers GO TIGERS!
govt,8:32 PM - 23 Oct 2008,betajames,http://betajames.posthaven.com,2669,436,Michigan,"43.62119,-84.6824299","Associate Professor & Department Chair of English, University of Michigan-Flint. I research and teach rhetoric, technology, and writing. Header credit: @bmcnely"
journalist,5:33 PM - 13 Jun 2015,LaurenWTOV9,http://wtov9.com,863,329,Steubenville / Pittsburgh,"40.44042,-80.0812799",Reporter / Saturday morning anchor for @wtov9 | @clarionu grad | Yinzer | lohealy@sbgtv.com
news,7:35 AM - 10 Jan 2015,FastFacts60,http://www.youtube.com/channel/UCuzyC5nA13MUdXJtqKo4VPQ?sub_confirmation=1,17497,18236,CanadaEH,,"facts for you, awesome youtube fact video's, short 60+ SECOND vids follow me I will follow back on twitter, sub to my YouTube channel #twd #twdfamily"
journalist,6:09 PM - 11 Oct 2010,AL_osaurus,http://uk.businessinsider.com/life,927,1122,London,"51.50732,-0.1276399","lifestyle editor @BIUK. peanut butter, brunch, negroni & travel addict. amillington@businessinsider.com. ramblings are my own."
police/traffic,6:00 AM - 11 Jun 2009,LCPASSAGE,http://www.lakecountypassage.com,2038,5,"Lake County, IL","42.33259,-87.9939799",PASSAGE is an Intelligent Transportation System designed to provide motorists real time traffic information. For more details visit
fire/emt,8:13 AM - 10 Jul 2011,CentreCntyFire,http://www.centrecountyfire.com,296,0,"Centre County, Pennsylvania","40.93817,-77.7865699",
journalist,6:49 PM - 18 May 2009,trooper753,http://www.trooper753.com,944,1925,"Asheville, NC","35.60094,-82.5540099","Author, Blogger/Podcaster, former LEO, Reform Jew, Zumba instructor/addict!"
news,12:16 PM - 9 Oct 2010,D_Times,http://www.derbyshiretimes.co.uk,18712,936,Chesterfield,"53.23521,-1.4263999","The Derbyshire Times - newspaper out every Thursday, online every day. Got a story? Email comment@derbyshiretimes.co.uk"
journalist,4:36 PM - 7 Aug 2011,hannahwelker,http://www.wcnc.com,4538,623,"Charlotte, NC","35.22708,-80.8431199",NBC Charlotte Morning Reporter | Previously at @13wham @13wrex | Former @IlliniWGym | Pittsburgh native | Instagram: hannahwelker
police/traffic,7:13 AM - 10 Mar 2009,MassDOT,http://transportation.blog.state.ma.us/blog/,100109,4315,"Boston,MA","42.36048,-71.0595599",Official Tweeting from Mass. Dept of Transportation (MassDOT).
journalist,6:28 PM - 21 Feb 2011,ARodriguezABC15,http://www.abc15.com,3450,1751,"Phoenix, AZ","33.44858,-112.0773399","Multimedia Journalist and Anchor at ABC15 in Phoenix, AZ. Chicago-born. These thoughts are my own. Send me story ideas at Allison.Rodriguez@abc15.com"
news,2:22 AM - 19 Oct 2014,HRRecruitmentUS,http://www.newslocker.com/en-us/profession/hr-and-recruitment/,255,334,,,Find your latest HR & Recruitment news with just one click. Dont miss out on anything happening in your profession!
journalist,1:12 PM - 22 Sep 2011,MarcLiverman,http://azfamily.com,5346,1708,"Phoenix, AZ","33.44858,-112.0773399","Reporter at KTVK 3TV - KPHO CBS 5. Enjoys Red Slushies, Bacon Jerky, and pretending to know how to surf."
journalist,9:08 AM - 3 May 2009,OttawaReporter,http://www.cbc.ca/news/politics/,7541,1032,Ottawa,"45.42103,-75.6900199","Senior writer CBC News, Parliamentary Bureau"
news,12:05 PM - 4 Sep 2008,DefenceHQ,http://gov.uk/mod,172344,587,London UK,"51.50732,-0.1276399",DefenceHQ is the official corporate news channel of the UK Ministry of Defence.
news,11:19 AM - 8 Oct 2011,dorotvent,http://dorotv.com,1662,1175,Worldwide - Made in Nigeria,,"Enjoy Quick Entertainment news, music, video, gossip and comedy summary from around the World"
journalist,5:49 AM - 2 Aug 2012,anavid_reyesTV,,653,429,"Austin, TX","30.27112,-97.7436899","#BilingualJournalist Mexico born, Houston raised, Austin livin'. @KVUE #Daybreak #TrafficReporter #Anchor #MMJ"
journalist,12:18 PM - 30 Aug 2016,OneRudeFlowers,http://goo.gl/8KMgXc,161,443,"Selangor, Malaysia","3.20833,101.30414",Ben/Flowers | bsc. psych (hons) - game dev - vlogger - dungeon master - writer - podcaster - #Malaysian | He/Him | Contact: onerudeflowersbusiness@gmail.com
news,2:50 PM - 1 May 2009,RideUTA,http://www.rideuta.com,34327,995,Utah,"39.42251,-111.7143499",UTA shares news & limited service updates. To speak with customer service call 801-743-3882. #UtahTransitAuthority #UTA #Bus #FrontRunner #TRAX
journalist,4:39 PM - 8 Oct 2014,HarrisWBEN,http://bennett1965.com,301,207,WBEN Buffalo,"42.95367,-78.8763899","Reporter at Entercom Buffalo on WBEN, KISS and STAR"
news,2:00 AM - 10 Mar 2010,TomoNewsUS,http://www.tomonews.com,15186,1022,,,"Your best source for animated news. Need a safe space? You're in the wrong place. Do something stupid, you’re gonna get animated."
news,7:36 AM - 19 Oct 2009,BBCTravelSW,http://www.bbc.co.uk/travel/devon/incidents/road,23256,253,South West England,"51.03399,-2.94900817205883",Travel news for Devon & Cornwall http://www.bbc.co.uk/radiodevon  http://www.bbc.co.uk/radiocornwall  http://www.bbc.co.uk/travel/faq
journalist,1:33 PM - 14 May 2012,DrewKaredes,https://www.facebook.com/DrewKaredesBoston25/,3790,618,"Boston, MA","42.36048,-71.0595599",Just a guy from #Lynn w/ nothing but love for New England. @Northeastern grad. #Boston25 reporter. Got a story? drew.karedes@coxinc.com
news,1:02 AM - 10 May 2014,l_bourhill,,178,486,"Scotland, United Kingdom","56.78611,-4.1140499",Truth is all that matters. My YT channels - https://www.youtube.com/user/jamboman84/videosThe … and https://www.youtube.com/channel/UCCSARnYqX1ZbFF_PxorKbdw/videos …
news,6:59 PM - 19 Apr 2013,KevinKimmich,http://mythmademan.blogspot.com/,702,537,"Ohio, USA","40.22535,-82.6881299",I tend to tweet about financial news and mythology themes.
news,9:02 AM - 6 Jul 2010,WheatonMDPatch,http://Patch.com/Wheaton-MD,2678,359,"Wheaton, MD","39.03983,-77.0552499",Wheaton Patch is your source for local news.
journalist,12:24 PM - 18 Feb 2009,LaurenLowrey_8,http://wishtv.com/more/bios/lauren-lowrey/,7405,814,"Indianapolis, Indiana","39.76833,-86.1583499","WISH-TV #Daybreak8 Anchor 5am-9am, toddler mom, closet ballroom dancer, FSU grad (#Noles), triathlete, shower singer, lover of all things artistic & edible!"
journalist,10:17 AM - 26 Sep 2010,dpcarrington,http://www.theguardian.com/environment,36881,678,London,"51.50732,-0.1276399",I'm Environment Editor at the Guardian
police/traffic,6:33 PM - 7 Oct 2012,SaginawTraffic,,125,9,,,"Breaking traffic and police news in and around Saginaw, Mich. News from MLive.com, police calls from a live police scanner. Please @ tweet tips and pictures."
journalist,2:30 PM - 25 Feb 2010,SMSweeneyAuthor,http://www.seansweeneyauthor.com,1271,630,"Massachusetts, USA","42.37887,-72.0323599","Author of thrillers, mysteries, you name it. Reader of thrillers, mysteries, you name it. Pats/Sox/Revs/Arsenal supporter. Supporter of authors. Supporter."
fire/emt,10:58 AM - 14 Feb 2013,NashuaPolice,http://www.nashuapd.com,3462,223,Nashua NH,"42.76536,-71.4675599","Official Twitter of Nashua, NH Police Dept. This is NOT monitored 24/7 & should NOT be used to report emergencies or crimes please call 603-594-3500 or 911."
fire/emt,2:52 AM - 19 Apr 2010,ThamesVP,http://www.thamesvalley.police.uk,167536,295,,,This page cannot be used to report crime and is not monitored 24 hrs. Emergency? Call 999 Non-emergency enquiry? Call 101
journalist,7:26 PM - 25 Jan 2011,kemettler,https://www.washingtonpost.com/people/katie-mettler,2319,2511,katie.mettler@washpost.com,,Morning Mix reporter at the @washingtonpost. In a complicated relationship with commas.
news,11:04 PM - 12 Jan 2015,GatesheadUKNews,http://www.newslocker.com/en-uk/region/gateshead/,434,408,,,Find your latest news about Gateshead with just one click. Don't miss out on anything happening in your region!
news,8:56 AM - 17 Jun 2008,educationweek,http://www.edweek.org,662669,3048,"Bethesda, MD","38.98482,-77.0946399",American education's newspaper and website of record.
journalist,5:16 AM - 19 Apr 2010,JournoandGaz,http://www.linlithgowgazette.co.uk,2716,375,"Linlithgow, West Lothian","55.97713,-3.6040599","All the latest news and views from Linlithgow, Bo'ness and South Queensferry."
journalist,4:19 AM - 1 Sep 2010,lyndajumilla,,61538,70,Bucolic Bacoor,,"journalist by day, fangirl by midnight. supermom and wonderwife, 24/7."
wx,2:11 AM - 2 Nov 2010,NYC_NC,http://www.NYCNewsChannel.com,342,51,"New York City, NY","40.73059,-73.9865799","NYC NewsChannel : News,Weather,Sports,Politics, Entertainment,Business and Culture."
journalist,5:43 AM - 14 May 2016,asiyesuveren,,1937,613,"Leeds, England","53.79741,-1.5437899",School of Media and Communication & University of Leeds & Turkish Politics & Middle East News & Journalist & Student
journalist,7:29 AM - 10 Apr 2014,RomneyANjax,,3317,943,"Jacksonville, FL","30.33218,-81.6556499","Morning Anchor/Reporter for CBS 47/FOX 30 ActionNewsJax. My life is full of deadlines, Crossfit & kisses from my yorkie!"
police/traffic,1:17 AM - 3 Apr 2014,InspMChristie,http://www.humberside.police.uk,209,122,Cromwell Road Police Station,"53.56911,-0.1111399","Humberside Police Inspector, Grimsby West Community Policing Team."
journalist,8:54 AM - 28 Mar 2010,spinsahar,http://spinsahar.blogspot.com,1316,97,"Swat, London, Washington, DC",,From #Swat to #Washington. #Peace lover. #Journalist #Teacher. Lost b/w search & research. MS in Conflict Analysis & Resolution from http://scar.gmu.edu  @SCARatG
news,11:20 AM - 20 Jul 2012,MountVernonDV,http://mountvernon.dailyvoice.com,332,27,"Mount Vernon, NY","40.91259,-73.8370699","The Mount Vernon Daily Voice is a local news organization. Our town-based reporters cover the most important news, sports and information in our community."
journalist,10:47 AM - 13 Jan 2010,Jennifer_Eagan,http://whdh.com,6862,835,Boston,"42.36048,-71.0595599","Reporter for @7News, proud Eagle, sister of @EagsOnAir. Born & raised in Mass. Opinions my own. RTs not endorsements."
fire/emt,1:46 PM - 28 Feb 2012,MPSTowerHam,http://www.met.police.uk/towerhamlets,11238,918,Tower Hamlets,"51.12886,1.29866",Updates from Tower Hamlets Police. Do not report crime on Twitter. In emergencies call 999.This site is staffed Mon-Fri 8-4. Policy:http://bit.ly/GTEaCi
journalist,2:40 PM - 7 Mar 2009,KateEMcCann,,18869,1550,London,"51.50732,-0.1276399",Senior Political Correspondent at The Telegraph. Northerner. Cyclist. Get in touch: kate.mccann@telegraph.co.uk
journalist,3:02 PM - 9 Jun 2010,ChrisjCart,http://www.progressonline.org.uk/?s=chris+carter&submit.x=0&submit.y=0,820,899,"London, England","51.50732,-0.1276399",@uklabour member. I voted remain. I like to write.
wx,4:00 AM - 17 Nov 2015,TopTampaNow,http://toplocalnow.com/united-states/florida/tampa,303,26,"Tampa, FL","27.94775,-82.4584399",Breaking news and weather updates from Tampa.
journalist,12:43 PM - 16 May 2013,MattKellerABC7,http://www.abc7news.com,5343,1238,San Francisco Bay Area,"37.78849,-122.3558399",ABC7 News reporter. I know the way to South San Jose. Possibly cruising Blossom Hill Road.
journalist,5:48 PM - 6 Sep 2012,msullivandawson,,2431,2422,"New York, NY","40.73059,-73.9865799","Books Editor, New York Post. Reader, traveler, quiet car rider. Opinions are my own."
police/traffic,8:48 AM - 1 Dec 2011,ODOT_SEOhio,http://www.transportation.ohio.gov/dist10,2179,343,"Marietta, Ohio","39.41535,-81.4548399","The Ohio Department of Transportation District 10 serves Athens, Gallia, Hocking, Meigs, Monroe, Morgan, Noble, Vinton and Washington counties in Southeast Ohio"
news,2:14 AM - 3 Oct 2013,IcelandMag,http://icelandmag.com,6369,394,Reykavík,,"News from Iceland, what to do & see, travel tips and local expertise. Proudly made in Reykjavik City."
govt,2:10 PM - 7 Sep 2010,TheSoufanGroup,http://www.soufangroup.com,12729,633,,,"TSG is an international strategic consultancy firm that advises governments and corporations on policy, strategy, security, risk management, and training."
journalist,9:15 AM - 14 Mar 2009,LauraRotolo,http://www.aclum.org,315,207,Massachusetts,"42.37887,-72.0323599","Activist, advocate, lawyer, mom. Staff counsel at the American Civil Liberties Union of Mass. Views are mine."
journalist,6:37 AM - 12 Mar 2011,Keithrommel,http://www.keithrommel.com,12015,9049,over here,,I've written some novels and movies. Also into #fitness #weightlifting #writer #screenwriter #suspense #over40andfit
govt,1:07 PM - 27 Jan 2014,HarrisVotes,http://www.harrisvotes.com,1912,1822,"Harris County, Texas","29.81197,-95.3741199","Providing information, materials, & assistance to #voters. Under the Office of Stan Stanart, #HarrisCounty Clerk. Direct questions to county.clerk@cco.hctx.net."
fire/emt,8:33 AM - 28 Aug 2008,Readygov,http://www.ready.gov,133757,858,U.S.A.,"31.19327,30.05401",Don't wait. Communicate. Start your emergency plan today.
news,6:50 AM - 24 Apr 2009,knssradio,http://knssradio.com,4132,1823,"Wichita, Kansas","37.69223,-97.3375399",KNSS is fresh & entertaining talk radio. Top-rated content and brand with engaged and passionate listeners. Wichita's leader in news. Listen at 1330AM / 98.7FM.
police/traffic,12:22 AM - 29 Apr 2014,journopk,http://ww.hindustantimes.com,221,90,,,"Special correspondent @httweets @htnoidagzb Cover crime, admin, development, legal, transport and more #news #photography #bulleteer"
news,7:04 PM - 7 Feb 2014,caitlin_rounds,http://caitlinroundsphoto.com,879,745,"austin/waco, tx","31.54217,-97.1484199",yo baby what's up/ baylor university film and digital media/ cinematographer/ photographer/ sc: croundss
journalist,8:55 AM - 10 Aug 2012,hdkdh6,,853,3185,بغداد-مغترب,,"ولا تبرجت له ظواهر المكونات الا ونادته حقائقها: إنَّما نحن فتنةٌ فلا تكفُر بين معنى ولا معنى الحياة Pharmacist, Freelance journalist"
journalist,5:25 PM - 24 Feb 2015,KevinMKruse,http://kevinmkruse.com,45905,1204,"Princeton, NJ","40.34927,-74.6592899",Historian. Author of White Flight; One Nation Under God. Co-editor of The New Suburban History; Spaces of the Modern City; Fog of War.
news,9:08 AM - 26 May 2014,cdnpolinews,,721,467,"Ottawa, Canada","45.42103,-75.6900199",Get all the news stories related to Canadian politics
disaster/accident,3:30 AM - 21 May 2008,Eurabist,http://www.eurabist.com,1716,1505,The Netherlands,"52.237985,5.53460236308316","PhD on Intelligence. Lecturer @UniUtrecht. Contributor Analyst @IHS. Bylines: Al Jazeera, Newsweek, OpenDemocracy, and more. anno.bunnik@gmail.com"
journalist,6:41 AM - 28 Apr 2011,laurenduca,http://laurenduca.com,215748,3468,"New York, New York","40.73059,-73.9865799",Award-winning & -losing freelance journalist!!! Tweets are my own and do not reflect the views of Clay Aiken. lauren.duca@gmail.com
fire/emt,11:13 AM - 8 Jun 2008,PGFDPIO,http://www.PGFDNEWS.COM,16892,1503,"Prince George's County, MD","38.80392,-76.8518599",Personal Account of Chief Spokesperson for largest & busiest combination Fire/EMS Departments in Country. 40+ years Fire/EMS experience. FEMA EMI PIO Instructor
wx,1:33 PM - 27 Jan 2011,CBS4Local,http://www.cbs4local.com,6550,454,"El Paso, Texas","31.76003,-106.4872799","@CBS4Local is committed to bringing the latest local news, weather and sports updates across the Borderland."
news,4:46 AM - 25 May 2010,ActionTraffic,http://www.actionnnewsjax.com,3002,1543,Jacksonville FL,"30.33218,-81.6556499",Morning live reports 430a-9a FOX30/CBS47.Traffic updates throughout the day.Tweets are my own.RTs not http://endorsements.Contact - FB-Derrick Odom Action News Jax
journalist,12:18 AM - 4 Nov 2011,f_obermaier,,19550,1403,PGP :: http://bit.ly/1rI1noo,,pulitzer prize winning investigative journalist :: sUddeutsche zeitung :: member of @icijorg :: author of @PanamaPapers :: pgp 6CC724BE :: threema FPN4FKZE
news,10:24 AM - 8 Aug 2012,darinsims,,87,297,Texas,"31.81603,-99.5120899",Politics. Culture. Halloween. Movies. Music. News. Bathroom Mirrors. Eventually something will interest me
news,3:52 AM - 28 Apr 2009,WimbledonNews,http://www.wimbledonguardian.co.uk,9519,1442,Wimbledon,"51.42538,-0.2174399","News, sport and events from Wimbledon, Raynes Park, Mitcham & Morden. 020 8722 6333 newsdesk@wimbledonguardian.co.uk"
news,4:33 AM - 14 Oct 2014,borodailynews,http://tbnn.it/middlesbrough,788,109,"Middlesbrough, UK","54.57604,-1.2343999","Curating the best media feeds in Middlesbrough. Part of the 400-city The Breaking News Network, the largest community news network supporting the social good"
journalist,1:07 PM - 5 Nov 2015,filiopk,,657,636,,,Freelance international journalist. Based in Greece but my heart is in many places. Afghanistan is one of them. Columbia J-School alumna. RTs not endorsements
police/traffic,1:46 PM - 12 Apr 2009,rachelkiro7,http://www.kiro7.com,3129,1593,"Seattle, WA","47.60383,-122.3300599","Married @justinyoungsax, mom of 2, KIRO 7 Traffic Anchor. Proud USC Trojan & Michigan native. Using my passion to create positive change!"
news,12:52 PM - 10 Sep 2014,durbannorthnews,http://www.tabloidmedia.co.za,369,76,,,The Durban North News is part of the Tabloid Newspapers Group of Publications and is distributed on Wednesdays to 32000 homes in Umhlanga & surrounding areas.
police/traffic,7:07 AM - 12 Nov 2013,Chiche_SurgeNG,http://www.surge.ng,250,280,"Port Harcourt, Nigeria","4.76765,7.01885",official @SurgeNewsFlash Community Editor | Religion | Real Estate | Books | Technology | Traffic | Entrepreneurship | Comedy | Games | Students | Views
journalist,5:57 AM - 10 Aug 2011,NativeSenses,,83752,60458,"New York, London, Istanbul",,"Social Media... ...Journalist, writer and blogger. Dad of two precious pearls! Loves natural life... http://nativesenses.blogspot.com"
journalist,6:25 PM - 10 Jan 2012,HYAdames,https://www.amazon.com/dp/1138851531/ref=cm_sw_r_tw_dp_pStBxbFJ20B5M,959,581,ORDER MY NEW BOOK ON LATINX !,,~ Think. Write. Resist. ~ Associate Professor. Researcher. Neuropsychologist. Critical Race Theorist. Author. Co-Founder & Co-Director of The #ICRaceLab
journalist,10:48 AM - 31 Oct 2013,JaredBrownWDRB,,517,425,"Louisville, KY","38.25423,-85.7593999",WDRB Web Producer/Assignment Editor; Pop Culture Master; Television Situation Comedy Humor Theorist; True Crime Fanatic; LOVE Music & Detroit. EMU & BGSU Alum.
news,6:17 PM - 30 Nov 2010,GenericPharma24,,2220,2331,,,All the news related Generic Pharma
news,11:52 AM - 5 Feb 2009,wbalradio,http://wbal.com,64980,3888,"Baltimore, MD","39.29086,-76.6107999","WBAL NewsRadio 1090, the flagship station of the Baltimore Ravens, is Maryland's station for local news, talk, sports, & more. Listen: http://ow.ly/BPvLf"
wx,12:53 AM - 27 Jun 2009,NYCAviation,http://nycaviation.com,53724,2466,"Headquartered in New York, NY",,"Educating & entertaining on all things aviation: news, analysis, consulting, photos, planespotting, weather & travel updates, beyond NYC! RIP EIC @MattMolnar."
journalist,8:02 AM - 28 Sep 2015,NVrsansky,http://cleveland19.com,1028,240,"Cleveland, OH","41.50516,-81.6934399",Morning Show Reporter @Cleveland19|Cleveland Native|Mom|Wife|Magnificat Grad|Loyola Grad|Northwestern Grad|Runner|
police/traffic,3:12 AM - 11 Oct 2013,TomBurnett88,,694,872,"Leek, England","53.10576,-2.0242799","Journalist at the Sentinel. Bringing you breaking news and traffic information from across Stoke-on-Trent, North Staffordshire and South Cheshire."
news,11:49 AM - 12 Nov 2015,chrissybillauUT,http://www.utoledo.edu/media/,409,145,"Toledo, OH","41.67867,-83.5127199",Media Relations Specialist at The University of Toledo
news,1:41 AM - 29 Nov 2013,RT_Maldives,,2117,589,Maldives,"4.22184,73.48679",if you wanna add your news Org contact us! @avasMv @Sunbrk @MihaaruNews @vaguthuonline @oagaMv @hafthamv @vaavu @dhiislamdaily
journalist,9:28 AM - 17 Mar 2009,AdamAtchison,http://www.krqe.com,2553,2358,"Albuquerque, NM","35.0841,-106.6509799",Murrow award-winning and Emmy-nominated journalist and news anchor.
journalist,7:17 PM - 3 Apr 2007,hotmanila,http://www.hotmanila.ph,4339,172,hot Manila,"14.60991,121.08144","foreign correspondent (SCMP, RTHK, BBC,etc), freelance journalist, digital journalism trainer, humor columnist, editor, reporter, somewhat acerbic"
journalist,10:04 AM - 14 Feb 2011,Journo_Paul,,2707,1986,London & Scotland,"51.50732,-0.1276399",Broadcast Journalist @SkyNews | @globalsnewsroom.
fire/emt,1:56 AM - 23 May 2013,BlackpoolPolice,http://www.lancashire.police.uk,8556,212,"Blackpool, Lancashire","53.77358,-2.6850899",Official Twitter account for Blackpool Police. This feed SHOULD NOT be used to report crime. Call 101 or in an emergency call 999
journalist,6:23 AM - 26 May 2009,CambridgeNewsUK,http://www.cambridge-news.co.uk/,71172,1653,"Cambridge, UK","52.2033,0.12486","Official publisher of Cambridge News with news, sport, breaking stories, video and audio. Serving Cambridgeshire, Suffolk, North Hertfordshire and Essex"
news,2:09 PM - 7 Mar 2016,MplsPatch,http://www.patch.com/minnesota/minneapolis,23,74,"Minneapolis, MN","44.97729,-93.2654599","Hyperlocal news, alerts, events and more. We're your source for all things Minneapolis."
news,10:57 AM - 13 Sep 2007,PressHerald,http://www.pressherald.com,68172,997,"Portland, Maine","43.66102,-70.2548499",Stories and updates from Maine's largest news team. Lobster enthusiasts and craft beer fans.
journalist,6:05 PM - 2 Dec 2012,ruthbenghiat,http://www.ruthbenghiat.com,7101,937,"New York, USA","40.73059,-73.9865799","Historian@NYU. Trump, fascism, authoritarianism, propaganda. CNN, Atlantic, HuffPost. Inquiries: info@ruthbenghiat.com. Views my own."
journalist,3:09 PM - 12 Feb 2009,WayneSlater,,10095,195,"Austin, Texas","30.27112,-97.7436899","Political Writer Emeritus Dallas Morning News, bestselling author Bush's Brain. Teaching The American Political Campaign In Journalism Film and Literature at UT"
wx,1:24 PM - 24 Jun 2009,ktlagingerchan,http://ktla.com/traffic,32533,266,"Hollywood, CA","34.10282,-118.3299799",Traffic Reporter popping off breakers and dabbling in some weather
police/traffic,9:02 AM - 18 Apr 2009,CSTMC,http://www.springsgov.com/trafficeng/,8241,149,"Colorado Springs, Colorado","38.83395,-104.8253399",CSTMC provides traffic updates in the Pikes Peak Region Mon - Fri from 6:30 am - 6:00 pm
journalist,5:21 PM - 3 Feb 2015,JulestheFirst26,,307,123,"San Francisco, CA","37.77928,-122.4192299","Digital Producer/Journalist @KRON4 News, #SFSTATE grad, I love sports and animals"
journalist,3:12 PM - 8 Apr 2010,tomrousseyABC7,http://www.wjla.com,3670,1613,"Washington, DC","38.89495,-77.0366399","Reporter covering DC, MD & VA for ABC7. Graduate of Paint Branch High in Montgomery County & University of Maryland. Christian. Love sports, books, Terps!"
journalist,1:15 PM - 2 Oct 2012,PoliticalLine,,92733,55131,,,Politics. News. Markets. Not a journalist. All tweets are my opinion.
journalist,1:38 AM - 6 Jan 2016,PulseNews247,,104,2,,,"Pulse NG is Nigeria's new media publisher. 24/7 live news & videos, entertainment, politics, sports, lifestyle, celebrities & more!"
news,2:16 AM - 25 Nov 2012,ChemistryPlaza1,,2682,2039,Coventry,"52.4081,-1.5104499",Your source for the latest news on Chemistry
disaster/accident,3:16 PM - 22 Dec 2011,RAAFvictoryroll,http://pacificvictoryroll.com,8086,7383,Mark Donoghue,,"PACIFIC VICTORY ROLL website - #RAAF & #RNZAF Pacific air to air victory claims, pilots and aircraft, in #WW2. The Pacific air war on this day. #WWII #Aviation"
news,12:44 PM - 30 Apr 2009,Variety_TV,http://www.variety.com/tv,24417,22,"Los Angeles, CA","34.05439,-118.2439399",TV coverage from Variety.
journalist,7:48 AM - 3 Jun 2009,jan_villalon,http://Instagram.com/jan_villalon,318,666,Melbourne,"-37.8142099,144.96316","Video producer @FairfaxMedia, writer and globetrotter. Californian at the core. Always keen to share ideas and food. Views & opinions my own."
news,9:34 PM - 21 Dec 2016,latashianathan2,http://www.leonardjazz.com/,7,20,"Oregon, USA","43.97927,-120.7372499",Introvert. Evil communicator. Reader. Unapologetic social media practitioner. Baconaholic. Internet enthusiast.
journalist,7:07 AM - 17 Jun 2012,DaShanneStokes,http://www.dashannestokes.com,19318,1706,"Pittsburgh, PA","40.44169,-79.9900799","Sociologist, author, speaker, pundit. Fighter for equality & justice. You may have caught me on TV or radio or read my work. Forthcoming memoir: Recomposition."
journalist,4:19 PM - 11 Feb 2009,tweeterson,http://www.facebook.com/tweeterson/,1864,675,"Dallas, Texas","32.77627,-96.7968499",Matt Peterson is an editor on the breaking news desk at The Dallas Morning News.
journalist,2:23 PM - 21 Apr 2014,SN_AMacNeill,http://salemnews.com,694,1109,,,Beverly City Reporter for @salemnews. Reach me at 978-338-2527. No opinions. RTs do not equal endorsements. @mtholyoke alum.
